"image","xmin","ymin","xmax","ymax","label"
"001.jpg",1843.5669909434714,1134.8309303950339,2521.393150378185,1610.1179645130937,"bar clamp"
"003.jpg",2142.607844844745,1031.796681376337,2750.6573571855097,1487.1416100066842,"bar clamp"
"000.jpg",1886.7614823845543,1118.2125464874564,2524.7157518909235,1782.9496947353327,"bar clamp"
"002.jpg",1989.7648163813694,898.8492741260715,2474.8756095740446,1546.9680384663702,"bar clamp"