image,xmin,ymin,xmax,ymax,label
002.jpg,1989.7648163813694,898.8492741260715,2474.875609574045,1546.9680384663702,bar clamp
000.jpg,1886.7614823845545,1118.2125464874564,2524.7157518909235,1782.9496947353327,bar clamp
