image,xmin,ymin,xmax,ymax,label
001.jpg,1843.5669909434714,1134.830930395034,2521.393150378185,1610.1179645130935,bar clamp
003.jpg,2142.6078448447447,1031.796681376337,2750.6573571855097,1487.1416100066842,bar clamp
